id,first_name,last_name,email,gender,ip_address
1,Pierce,Forlonge,pforlonge0@wix.com,Male,24.45.148.2
2,Chlo,Heinrici,cheinrici1@vistaprint.com,Female,221.92.196.2
3,Ianthe,Halesworth,ihalesworth2@typepad.com,Female,47.140.128.217
4,Jens,Sandal,jsandal3@lulu.com,Male,199.126.17.195
5,Sheridan,Shatliffe,sshatliffe4@dropbox.com,Male,123.245.243.103
6,Sean,Sisse,ssisse5@smugmug.com,Bigender,114.85.117.107
7,Early,Pedrielli,epedrielli6@ycombinator.com,Male,117.87.132.154
8,Consuela,Sambell,csambell7@yandex.ru,Female,198.50.62.169
9,Delcina,Ramble,dramble8@eepurl.com,Female,103.223.34.16
10,Jobey,Shird,jshird9@alibaba.com,Non-binary,178.239.91.157
11,Sisile,Digwood,sdigwooda@mashable.com,Female,139.234.50.221
12,Nelie,Spadari,nspadarib@sitemeter.com,Female,165.74.193.243
13,Thorpe,Boarer,tboarerc@blogger.com,Bigender,76.63.250.161
14,Nathaniel,Goodall,ngoodalld@meetup.com,Male,105.8.43.73
15,Eulalie,Cropton,ecroptone@google.fr,Female,210.78.193.110
16,Munroe,Oades,moadesf@hud.gov,Male,197.107.109.179
17,Morty,Tolumello,mtolumellog@miibeian.gov.cn,Male,116.86.49.253
18,Natty,Olijve,nolijveh@dedecms.com,Male,131.187.64.77
19,Reinaldo,Ewbanke,rewbankei@oakley.com,Male,205.51.7.51
20,Tildi,Gerbi,tgerbij@slate.com,Female,189.155.138.54
