id,first_name,last_name,email,gender,ip_address
1,Bennett,Capaldi,bcapaldi0@domainmarket.com,Male,32.107.105.63
2,Jeremie,Elfleet,jelfleet1@ycombinator.com,Male,126.243.111.12
3,Todd,Cloutt,tcloutt2@mail.ru,Male,2.94.140.52
4,Ruperto,Groneway,rgroneway3@java.com,Polygender,247.2.167.186
5,Austin,Dumbelton,adumbelton4@nps.gov,Male,99.133.212.163
6,Sibelle,Parsonage,sparsonage5@indiatimes.com,Female,51.45.31.48
7,Hew,Roder,hroder6@hhs.gov,Male,18.152.7.254
8,Lola,Elix,lelix7@engadget.com,Female,143.73.200.5
9,Sinclare,Kleinberer,skleinberer8@dell.com,Male,103.112.121.27
10,Antonius,Morigan,amorigan9@tinypic.com,Male,246.243.233.177
11,Amelita,Manners,amannersa@nsw.gov.au,Female,44.191.37.255
12,Romeo,Milella,rmilellab@bigcartel.com,Male,82.59.61.27
13,Jaimie,Roose,jroosec@blogspot.com,Male,154.192.92.25
14,Phebe,Faustin,pfaustind@liveinternet.ru,Female,52.246.141.143
15,Osbourn,O'Bradden,oobraddene@cisco.com,Male,253.110.86.194
16,Lexy,Pacitti,lpacittif@blogger.com,Female,199.216.13.99
17,Obed,Pointing,opointingg@comsenz.com,Male,2.215.89.59
18,Tanner,Grenfell,tgrenfellh@t-online.de,Male,120.227.200.161
19,Amandy,Edgerton,aedgertoni@blinklist.com,Female,166.138.219.167
20,Rivalee,Blincko,rblinckoj@mashable.com,Female,106.78.225.203
21,Thurston,Bartelot,tbartelotk@ca.gov,Male,235.172.12.26
22,Berke,Garwood,bgarwoodl@friendfeed.com,Male,58.153.206.46
23,Stephani,Armytage,sarmytagem@github.io,Female,160.70.226.239
24,Jocko,Gash,jgashn@wikia.com,Male,180.112.239.46
25,Mikel,Beardwood,mbeardwoodo@theatlantic.com,Male,194.233.106.114
26,Andrew,Stirrip,astirripp@weibo.com,Male,115.199.79.131
27,Otha,Stuchbery,ostuchberyq@prnewswire.com,Female,198.123.129.139
28,Marya,Minnette,mminnetter@bloomberg.com,Female,252.170.112.132
29,Herbie,Bolderoe,hbolderoes@tmall.com,Male,147.110.168.70
30,Ramona,Ashington,rashingtont@noaa.gov,Female,214.125.5.97
31,Jacquette,Hamsher,jhamsheru@reuters.com,Female,49.65.55.14
32,Claudine,Rashleigh,crashleighv@cloudflare.com,Non-binary,174.184.120.124
33,Brandice,Portis,bportisw@prnewswire.com,Non-binary,39.45.77.182
34,Major,Lillecrap,mlillecrapx@java.com,Male,113.223.228.133
35,Dalia,Rolance,drolancey@virginia.edu,Female,164.19.245.244
36,Locke,Hyndman,lhyndmanz@nytimes.com,Male,233.167.222.254
37,Gerard,Gherardesci,ggherardesci10@wiley.com,Male,83.91.149.136
38,Leo,Garretts,lgarretts11@sciencedirect.com,Male,105.233.11.194
39,Zedekiah,Brewett,zbrewett12@skyrock.com,Genderfluid,225.30.27.90
40,Dillie,Tubbles,dtubbles13@fastcompany.com,Male,244.93.65.85
41,Lauraine,Petrashkov,lpetrashkov14@ycombinator.com,Female,34.52.223.11
42,Ignacius,Benny,ibenny15@ft.com,Male,66.158.19.249
43,Rebe,De Vuyst,rdevuyst16@people.com.cn,Female,108.97.163.8
44,Erminia,Hedlestone,ehedlestone17@goodreads.com,Female,191.197.245.112
45,Dusty,Westoll,dwestoll18@tumblr.com,Female,134.243.117.94
46,Michelle,Blackwell,mblackwell19@umich.edu,Female,51.66.252.65
47,Maddalena,Stirland,mstirland1a@nationalgeographic.com,Female,240.31.180.71
48,Selene,Thompsett,sthompsett1b@list-manage.com,Female,77.195.48.224
49,Cullan,Creaser,ccreaser1c@t-online.de,Male,36.140.5.194
50,Sybil,Ammer,sammer1d@spotify.com,Female,251.154.140.110
51,Goraud,Horsey,ghorsey1e@hugedomains.com,Polygender,185.17.186.68
52,Bennie,Granville,bgranville1f@examiner.com,Female,98.129.163.255
53,Annice,Slograve,aslograve1g@weather.com,Female,109.83.94.96
54,Con,Donizeau,cdonizeau1h@shareasale.com,Male,113.222.251.190
55,Rutledge,Strute,rstrute1i@com.com,Male,137.16.167.162
56,Rozina,Binne,rbinne1j@topsy.com,Female,216.77.41.4
57,Chadd,Nimmo,cnimmo1k@shareasale.com,Male,205.90.103.195
58,Crissy,Blanch,cblanch1l@senate.gov,Female,162.233.128.253
59,Ashton,Ludgrove,aludgrove1m@histats.com,Male,141.239.10.172
60,Quintana,Krienke,qkrienke1n@forbes.com,Female,172.231.135.110
61,Mabelle,Ollerhad,mollerhad1o@sakura.ne.jp,Female,253.186.18.91
62,Norrie,Pennicott,npennicott1p@paypal.com,Male,151.143.218.46
63,Reidar,Guillet,rguillet1q@merriam-webster.com,Male,204.128.145.200
64,Ronica,Rosenzveig,rrosenzveig1r@zimbio.com,Female,76.119.164.8
65,Timothee,Russel,trussel1s@so-net.ne.jp,Male,17.142.97.239
66,Reena,Dyson,rdyson1t@telegraph.co.uk,Female,222.231.207.93
67,Esmeralda,Crosoer,ecrosoer1u@biblegateway.com,Female,142.243.236.150
68,Lyndsie,Odeson,lodeson1v@sakura.ne.jp,Female,161.188.242.94
69,Moishe,Ashe,mashe1w@google.es,Male,50.63.197.226
70,Shurlock,O' Faherty,sofaherty1x@over-blog.com,Male,84.90.151.248
71,Darda,Chess,dchess1y@slate.com,Female,214.209.31.119
72,Nathaniel,Ledward,nledward1z@chron.com,Male,117.88.174.61
73,Rickey,Poyle,rpoyle20@storify.com,Male,222.146.245.28
74,Mirabel,Townby,mtownby21@paypal.com,Female,238.1.126.215
75,Guenevere,Rainforth,grainforth22@hostgator.com,Female,174.186.28.98
76,Bryn,Stendell,bstendell23@usa.gov,Female,190.18.96.186
77,Annadiane,Greeves,agreeves24@zdnet.com,Female,55.119.115.22
78,Chic,Cotta,ccotta25@tumblr.com,Male,34.196.79.10
79,Dieter,Tilling,dtilling26@prnewswire.com,Male,251.89.243.47
80,Cody,Bricham,cbricham27@irs.gov,Male,148.71.59.178
81,Steffi,Castellucci,scastellucci28@wordpress.org,Female,86.177.120.210
82,Aldon,Bussen,abussen29@fc2.com,Male,86.214.158.213
83,Krispin,Learmonth,klearmonth2a@latimes.com,Agender,163.122.224.173
84,Liesa,Bellerby,lbellerby2b@wufoo.com,Female,26.218.176.84
85,Murvyn,Duke,mduke2c@printfriendly.com,Male,26.7.4.41
86,Hubert,Linsay,hlinsay2d@studiopress.com,Male,129.231.148.248
87,Othelia,Philler,ophiller2e@indiatimes.com,Female,132.120.131.205
88,Lesly,Brindle,lbrindle2f@ow.ly,Female,23.57.131.194
89,Pattie,Griffey,pgriffey2g@scientificamerican.com,Male,198.158.160.89
90,Edin,Chippindale,echippindale2h@redcross.org,Female,103.4.255.23
91,April,Comrie,acomrie2i@rakuten.co.jp,Female,248.29.16.134
92,Darcey,Colbertson,dcolbertson2j@facebook.com,Female,232.9.218.5
93,Teriann,Limbourne,tlimbourne2k@zdnet.com,Female,165.196.148.249
94,Aryn,Trundle,atrundle2l@fastcompany.com,Female,72.193.233.234
95,Andriana,Minker,aminker2m@sogou.com,Female,121.207.129.236
96,Aldin,Haspineall,ahaspineall2n@bloomberg.com,Male,238.12.89.42
97,Ewan,Lopez,elopez2o@storify.com,Male,200.65.116.123
98,Knox,Llewelly,kllewelly2p@paypal.com,Male,12.171.47.153
99,Lorne,Yurmanovev,lyurmanovev2q@wsj.com,Female,31.89.165.8
100,Kathi,Pues,kpues2r@ted.com,Female,61.57.178.53
101,Alberik,Pennetti,apennetti2s@mediafire.com,Male,211.156.75.88
102,Nilson,Yatman,nyatman2t@berkeley.edu,Male,118.40.124.131
103,Herc,Sorbie,hsorbie2u@t.co,Male,126.169.161.53
104,Coral,MacLleese,cmaclleese2v@edublogs.org,Female,78.186.134.134
105,Heriberto,Musgrave,hmusgrave2w@scribd.com,Male,52.186.245.228
106,Susan,Acedo,sacedo2x@amazon.co.jp,Female,52.72.3.31
107,Bank,MacDermot,bmacdermot2y@jalbum.net,Male,170.16.45.165
108,Tessi,Rust,trust2z@intel.com,Female,193.94.159.80
109,Kaylee,Jerman,kjerman30@about.me,Female,96.36.114.119
110,Giraud,Aland,galand31@scientificamerican.com,Male,221.202.199.195
111,Mord,Enston,menston32@ehow.com,Male,237.235.178.151
112,Nissie,Mummery,nmummery33@diigo.com,Non-binary,95.216.3.248
113,Jammie,Houndsom,jhoundsom34@google.co.uk,Female,6.232.232.199
114,Loise,Wimmer,lwimmer35@hp.com,Female,193.131.164.180
115,Rafaellle,Booeln,rbooeln36@istockphoto.com,Male,170.26.84.114
116,Lilith,Leftbridge,lleftbridge37@networkadvertising.org,Female,109.134.128.239
117,Erna,Bottrell,ebottrell38@nps.gov,Female,223.82.55.64
118,Anneliese,Spilstead,aspilstead39@dedecms.com,Female,4.125.254.192
119,Hendrik,Cattell,hcattell3a@vinaora.com,Male,55.24.242.253
120,Barbette,Leakner,bleakner3b@indiegogo.com,Female,49.23.212.233
121,Mano,Blazejewski,mblazejewski3c@samsung.com,Male,211.172.44.220
122,Jackquelin,Denes,jdenes3d@ebay.com,Female,152.185.183.96
123,Morganica,Renshall,mrenshall3e@lycos.com,Female,190.15.221.36
124,Mariska,Oglevie,moglevie3f@shinystat.com,Female,162.53.33.138
125,Ellis,Cordel,ecordel3g@about.com,Male,242.98.92.93
126,Gabriell,Ledley,gledley3h@twitpic.com,Female,25.191.9.162
127,Immanuel,Mazey,imazey3i@unicef.org,Male,193.227.180.95
128,Bertina,Toner,btoner3j@shinystat.com,Female,238.227.70.255
129,Polly,Labbe,plabbe3k@parallels.com,Female,249.45.16.201
130,Mart,McGavigan,mmcgavigan3l@paypal.com,Male,65.191.88.249
131,Dmitri,Billany,dbillany3m@123-reg.co.uk,Male,27.115.40.46
132,Guenevere,Broke,gbroke3n@163.com,Polygender,210.162.231.234
133,Melloney,Quiney,mquiney3o@feedburner.com,Female,136.227.113.222
134,Cynthea,Pretti,cpretti3p@rediff.com,Female,20.152.104.97
135,Cloe,Abelevitz,cabelevitz3q@theatlantic.com,Female,227.16.6.57
136,Leshia,Linay,llinay3r@discovery.com,Female,110.0.78.220
137,Luelle,Plaskett,lplaskett3s@ucsd.edu,Non-binary,158.183.237.60
138,Odelinda,Tuke,otuke3t@photobucket.com,Female,128.0.195.65
139,Rolf,Tyt,rtyt3u@clickbank.net,Male,155.111.5.57
140,Heloise,Chillcot,hchillcot3v@sciencedaily.com,Female,223.169.15.33
141,Artemus,Dayer,adayer3w@domainmarket.com,Male,130.65.223.253
142,Denni,Pickworth,dpickworth3x@purevolume.com,Female,59.19.141.84
143,Eloise,Hanscome,ehanscome3y@dailymail.co.uk,Female,8.98.141.7
144,Catharine,Sreenan,csreenan3z@google.com.hk,Female,128.112.95.245
145,Anastasie,O'Fielly,aofielly40@nbcnews.com,Female,202.173.55.54
146,Clive,Janaud,cjanaud41@sitemeter.com,Male,224.10.42.144
147,Vale,Schlagh,vschlagh42@scribd.com,Female,130.188.128.236
148,Kerrin,McNeilly,kmcneilly43@gmpg.org,Female,30.58.129.82
149,Roobbie,Gimbrett,rgimbrett44@oracle.com,Female,28.49.10.129
150,Royall,Guilleton,rguilleton45@multiply.com,Genderfluid,146.166.245.90
151,Cahra,Terese,cterese46@pcworld.com,Genderqueer,133.24.180.34
152,Geno,De Malchar,gdemalchar47@symantec.com,Male,196.5.117.85
153,Harbert,Sifleet,hsifleet48@huffingtonpost.com,Male,110.71.174.136
154,Tamma,Wingar,twingar49@webeden.co.uk,Female,224.147.2.237
155,Pip,McPhail,pmcphail4a@about.me,Male,224.92.226.86
156,Conant,Djekovic,cdjekovic4b@tinypic.com,Male,239.54.158.37
157,Cacilia,Leads,cleads4c@whitehouse.gov,Female,109.25.142.225
158,Cassie,Iceton,ciceton4d@fastcompany.com,Male,189.239.38.51
159,Glenn,Peer,gpeer4e@fema.gov,Male,10.27.70.170
160,Vassily,Hollindale,vhollindale4f@hostgator.com,Male,120.173.53.120
161,Neille,Dimont,ndimont4g@timesonline.co.uk,Genderqueer,231.129.75.242
162,Lura,Ainslee,lainslee4h@yahoo.com,Genderqueer,227.229.35.219
163,Danna,Morrieson,dmorrieson4i@phoca.cz,Female,46.42.222.137
164,Myrlene,Hambric,mhambric4j@tripadvisor.com,Female,78.144.159.138
165,Dreddy,Kruger,dkruger4k@nsw.gov.au,Female,65.166.121.70
166,Madel,Kearley,mkearley4l@networksolutions.com,Female,82.29.236.166
167,Khalil,Escofier,kescofier4m@vistaprint.com,Male,119.107.214.187
168,Gayel,Gurg,ggurg4n@vinaora.com,Female,41.115.213.126
169,Trevar,Tofanini,ttofanini4o@nytimes.com,Male,33.6.250.35
170,Rolando,Hallmark,rhallmark4p@woothemes.com,Male,64.63.51.176
171,Mirabelle,Laugheran,mlaugheran4q@merriam-webster.com,Female,54.185.129.100
172,Thorpe,Rubury,trubury4r@naver.com,Male,158.140.174.73
173,Riva,Mallam,rmallam4s@gizmodo.com,Female,178.66.93.244
174,Garek,Silson,gsilson4t@apple.com,Male,151.255.140.56
175,Petra,Calafato,pcalafato4u@google.com.br,Female,29.190.40.109
176,Cortie,Local,clocal4v@phoca.cz,Male,212.214.25.151
177,Shandra,Wallsam,swallsam4w@marriott.com,Female,51.145.22.154
178,Delphine,Selly,dselly4x@a8.net,Female,104.15.44.171
179,Fernandina,Dummett,fdummett4y@marriott.com,Female,217.151.20.0
180,Bari,Hodcroft,bhodcroft4z@slashdot.org,Female,125.194.202.104
181,Farrell,MacKnight,fmacknight50@prnewswire.com,Male,162.176.75.119
182,Corbet,Thickin,cthickin51@php.net,Male,144.120.111.68
183,Adele,Van Eeden,avaneeden52@trellian.com,Bigender,217.55.211.65
184,Leonid,Hemphrey,lhemphrey53@ox.ac.uk,Male,193.194.129.31
185,Angie,Voase,avoase54@tiny.cc,Female,122.33.72.7
186,Clari,Arboine,carboine55@nifty.com,Female,177.30.182.159
187,Shir,Jerdan,sjerdan56@angelfire.com,Female,202.38.9.189
188,Torrence,Bavidge,tbavidge57@deliciousdays.com,Male,172.223.245.6
189,Alexina,McCarthy,amccarthy58@trellian.com,Female,99.44.164.106
190,Herbie,Siveyer,hsiveyer59@nsw.gov.au,Male,109.103.103.68
191,Amos,Tuke,atuke5a@washington.edu,Male,241.242.61.21
192,Avie,Baggally,abaggally5b@studiopress.com,Female,59.242.188.52
193,Alphonse,Wharby,awharby5c@amazon.com,Male,158.158.58.15
194,Allayne,MattiCCI,amatticci5d@wikipedia.org,Male,24.3.71.242
195,Sharla,Swetman,sswetman5e@last.fm,Genderqueer,224.51.60.188
196,Tate,Leale,tleale5f@bing.com,Male,2.172.58.171
197,Pryce,Eble,peble5g@1688.com,Male,188.145.243.46
198,Lorette,Salmons,lsalmons5h@list-manage.com,Female,88.177.185.75
199,Llywellyn,Jacquemard,ljacquemard5i@wiley.com,Male,146.204.117.129
200,Katha,Seagrave,kseagrave5j@blinklist.com,Female,137.138.65.172
