id,first_name,last_name,email,gender,ip_address
1,Lukas,Hehir,lhehir0@patch.com,Male,191.180.240.84
2,Milicent,Roots,mroots1@pcworld.com,Female,113.123.210.140
3,Buiron,Petruskevich,bpetruskevich2@un.org,Male,196.61.250.237
4,Dan,Westphal,dwestphal3@weibo.com,Male,252.166.186.14
5,Gaby,Moxom,gmoxom4@blogspot.com,Female,167.219.135.204
6,Grange,Yeomans,gyeomans5@sfgate.com,Male,250.250.143.216
7,Damiano,Pickle,dpickle6@deliciousdays.com,Male,46.204.178.21
8,Annamaria,Wass,awass7@pcworld.com,Female,231.250.47.111
9,Pieter,Farrah,pfarrah8@meetup.com,Male,198.160.247.241
10,Charin,Gallard,cgallard9@mapquest.com,Female,6.48.51.103
11,Bobbette,Pantlin,bpantlina@issuu.com,Female,115.189.17.91
12,Koralle,Nottingam,knottingamb@usnews.com,Female,139.18.13.139
13,Hale,Sessuns,hsessunsc@tmall.com,Male,131.113.227.180
14,Kacey,Kelk,kkelkd@wikipedia.org,Female,177.40.11.166
15,Berenice,Beekmann,bbeekmanne@weebly.com,Female,121.215.250.10
16,Gerri,McAndrew,gmcandrewf@wunderground.com,Male,73.76.171.138
17,Demetra,Padkin,dpadking@wikia.com,Female,173.102.43.166
18,Eula,Blachford,eblachfordh@dyndns.org,Female,199.153.84.82
19,Niels,Baumadier,nbaumadieri@mediafire.com,Male,243.65.69.238
20,Gizela,Tatters,gtattersj@artisteer.com,Female,6.69.124.226
21,Erskine,Feldklein,efeldkleink@tripod.com,Genderfluid,108.194.72.33
22,Vidovic,Greneham,vgrenehaml@imageshack.us,Male,141.80.177.5
23,Decca,Limpricht,dlimprichtm@facebook.com,Male,247.210.58.9
24,Maiga,Jeffels,mjeffelsn@icq.com,Agender,169.123.110.226
25,Mureil,Morriarty,mmorriartyo@japanpost.jp,Female,207.52.144.204
26,Goddard,Matus,gmatusp@google.com.hk,Male,198.60.52.64
27,Griffy,Bowbrick,gbowbrickq@redcross.org,Male,249.237.12.128
28,Clair,Lembcke,clembcker@telegraph.co.uk,Male,96.172.17.195
29,Amabel,Durston,adurstons@istockphoto.com,Female,24.147.198.16
30,Rori,Tout,rtoutt@qq.com,Female,74.2.161.198
31,Em,Hackin,ehackinu@walmart.com,Female,223.131.167.6
32,Rustin,Whenman,rwhenmanv@biblegateway.com,Male,233.197.71.163
33,Ashlan,Pimmocke,apimmockew@hp.com,Female,4.171.65.248
34,Ciel,Lovitt,clovittx@cocolog-nifty.com,Female,128.179.78.19
35,Kitti,Kemell,kkemelly@slashdot.org,Genderfluid,156.78.91.211
36,Edna,Picott,epicottz@ted.com,Female,139.242.217.177
37,Kienan,Brachell,kbrachell10@yahoo.com,Male,169.37.142.133
38,Fran,Lock,flock11@acquirethisname.com,Female,199.185.142.241
39,Mendel,Milella,mmilella12@cdbaby.com,Male,92.136.155.230
40,Eustace,Philps,ephilps13@constantcontact.com,Male,127.185.84.156
41,Indira,Whistlecraft,iwhistlecraft14@springer.com,Female,42.203.91.167
42,Arley,Nolton,anolton15@house.gov,Male,169.12.105.247
43,Sheryl,Oates,soates16@plala.or.jp,Female,144.203.159.147
44,Simonne,Damp,sdamp17@xrea.com,Agender,17.227.249.83
45,Betti,Senior,bsenior18@photobucket.com,Female,31.37.179.15
46,Bethany,Sivess,bsivess19@stumbleupon.com,Female,180.153.69.101
47,Bennie,Loud,bloud1a@upenn.edu,Female,109.155.34.35
48,Clarisse,Nuzzti,cnuzzti1b@creativecommons.org,Female,178.41.202.136
49,Dolley,Kassidy,dkassidy1c@fda.gov,Female,79.121.80.182
50,Tremayne,Tomkiss,ttomkiss1d@earthlink.net,Male,165.157.83.87
51,Amargo,Calyton,acalyton1e@dailymotion.com,Female,100.204.61.137
52,Rosina,Topping,rtopping1f@hhs.gov,Female,125.238.74.41
53,Liesa,Morsom,lmorsom1g@sphinn.com,Female,1.72.129.18
54,Lidia,Vallow,lvallow1h@blinklist.com,Female,203.42.220.144
55,Francesca,Kristufek,fkristufek1i@stumbleupon.com,Female,255.226.149.49
56,Clarance,Warlowe,cwarlowe1j@fda.gov,Male,156.65.70.147
57,Marney,Barrar,mbarrar1k@nationalgeographic.com,Female,59.20.25.35
58,Alyson,McTague,amctague1l@phoca.cz,Female,139.187.38.146
59,Hanny,Discombe,hdiscombe1m@ebay.co.uk,Female,73.24.22.7
60,Simone,Minet,sminet1n@sphinn.com,Male,48.198.230.170
61,Angelika,Cadlock,acadlock1o@blogs.com,Female,111.46.128.1
62,Siusan,Rusted,srusted1p@ucoz.com,Genderfluid,124.178.219.166
63,Aura,Still,astill1q@macromedia.com,Female,129.246.37.31
64,Burch,Booton,bbooton1r@ucoz.ru,Male,56.73.40.99
65,Percy,Peare,ppeare1s@blogtalkradio.com,Male,187.231.100.119
66,Garth,Mattea,gmattea1t@aboutads.info,Genderfluid,109.146.129.6
67,Nikki,Espino,nespino1u@amazon.co.jp,Male,109.55.253.14
68,Clevie,Mityushin,cmityushin1v@shop-pro.jp,Male,132.68.118.241
69,Pearce,Normavill,pnormavill1w@eventbrite.com,Male,198.232.178.198
70,Florri,Smethurst,fsmethurst1x@yahoo.com,Female,249.177.170.142
71,Robby,Verna,rverna1y@friendfeed.com,Male,253.155.148.207
72,Keelby,Wardesworth,kwardesworth1z@irs.gov,Male,216.232.119.70
73,Angeli,Gilsthorpe,agilsthorpe20@bizjournals.com,Male,145.59.46.194
74,Sherwynd,Troctor,stroctor21@un.org,Male,186.148.161.64
75,Pris,Lantuffe,plantuffe22@chicagotribune.com,Female,48.51.212.138
76,Thorndike,Abrahamovitz,tabrahamovitz23@tmall.com,Male,114.40.168.61
77,Zed,Grabbam,zgrabbam24@xing.com,Male,198.101.20.14
78,Yancy,Gohn,ygohn25@sciencedirect.com,Male,82.216.176.249
79,Alexio,Ropartz,aropartz26@skype.com,Male,59.212.103.205
80,Judy,Theriot,jtheriot27@pagesperso-orange.fr,Female,106.191.105.75
81,Min,Presidey,mpresidey28@alexa.com,Female,208.235.185.68
82,Conney,Chezier,cchezier29@miitbeian.gov.cn,Male,255.225.58.246
83,Dale,Gudgion,dgudgion2a@ovh.net,Female,239.216.221.232
84,Sheridan,Bim,sbim2b@spiegel.de,Male,87.154.155.222
85,Alverta,Denisovich,adenisovich2c@hubpages.com,Female,2.251.54.252
86,Birk,Sackler,bsackler2d@webmd.com,Male,237.74.142.171
87,Kelly,Logue,klogue2e@blog.com,Male,112.85.104.10
88,Binnie,Hartington,bhartington2f@redcross.org,Female,193.19.34.225
89,Merv,Grigorini,mgrigorini2g@google.com.hk,Bigender,33.222.212.193
90,Jerry,Mercey,jmercey2h@dot.gov,Female,126.150.203.137
91,Inglis,Aldersley,ialdersley2i@dedecms.com,Male,217.236.183.130
92,Ebony,Gartshore,egartshore2j@goodreads.com,Female,31.154.52.151
93,Merrie,Guilliland,mguilliland2k@answers.com,Female,17.120.88.234
94,Pavlov,Gasker,pgasker2l@flavors.me,Male,64.62.210.56
95,Christi,Churms,cchurms2m@slate.com,Female,44.147.210.75
96,Casper,Brownsword,cbrownsword2n@sohu.com,Male,194.194.65.201
97,Wilek,Greated,wgreated2o@yahoo.com,Genderqueer,128.150.17.88
98,Oralee,Huie,ohuie2p@e-recht24.de,Female,242.99.17.61
99,Bob,Kinlock,bkinlock2q@businessweek.com,Male,220.35.1.108
100,Carlie,Echelle,cechelle2r@tiny.cc,Non-binary,41.77.87.189
