id,first_name,last_name,email,gender,ip_address
1,Ezekiel,Georgot,egeorgot0@nbcnews.com,Male,130.51.73.37
2,Jena,Lyes,jlyes1@comsenz.com,Female,74.19.85.58
3,Katinka,McGill,kmcgill2@zimbio.com,Female,191.74.117.215
4,Obadiah,Polk,opolk3@mysql.com,Male,28.2.166.58
5,Percival,Van Der Weedenburg,pvanderweedenburg4@un.org,Male,56.54.70.194
6,Gerhard,Jane,gjane5@virginia.edu,Genderfluid,5.68.136.2
7,Brana,Hales,bhales6@printfriendly.com,Female,254.82.63.82
8,Randie,Scherer,rscherer7@mail.ru,Female,40.151.78.131
9,Doyle,Eslemont,deslemont8@amazon.co.jp,Polygender,12.3.110.205
10,Hanni,Belsham,hbelsham9@uiuc.edu,Female,14.118.208.140
11,Westleigh,Dreghorn,wdreghorna@cbslocal.com,Male,21.254.125.154
12,Karisa,Viccars,kviccarsb@msn.com,Female,240.32.29.231
13,Deerdre,Hoyes,dhoyesc@yandex.ru,Female,163.2.77.122
14,Minette,Corking,mcorkingd@domainmarket.com,Female,23.143.245.221
15,Kit,Holywell,kholywelle@tinyurl.com,Male,21.183.248.193
16,Rorke,De Carteret,rdecarteretf@ustream.tv,Male,100.122.22.145
17,Lora,Slany,lslanyg@vk.com,Female,90.134.97.41
18,Cristabel,Huxter,chuxterh@eventbrite.com,Female,218.142.170.69
19,Karyn,Broxup,kbroxupi@pen.io,Female,139.37.133.135
20,Trix,Amiable,tamiablej@printfriendly.com,Female,202.142.60.44
