id,first_name,last_name,email,gender,ip_address
1,Tina,Giannasi,tgiannasi0@t.co,Female,32.249.202.53
2,Stanislas,Hrynczyk,shrynczyk1@unicef.org,Male,17.5.234.204
3,Julieta,O'Hartagan,johartagan2@whitehouse.gov,Polygender,129.65.200.2
4,Giraud,Stott,gstott3@nymag.com,Male,198.151.60.246
5,Julie,Ryland,jryland4@mapy.cz,Bigender,8.31.202.29
6,Wilone,Charer,wcharer5@so-net.ne.jp,Female,116.214.62.214
7,Natasha,Kobu,nkobu6@ft.com,Female,214.211.158.96
8,Nedi,Torrisi,ntorrisi7@e-recht24.de,Female,123.71.214.17
9,Evita,Mathissen,emathissen8@pbs.org,Female,74.212.35.207
10,Linet,Danilenko,ldanilenko9@virginia.edu,Polygender,103.136.110.187
11,Hewe,Bessell,hbessella@pinterest.com,Male,152.100.57.209
12,Donalt,Robichon,drobichonb@tripadvisor.com,Male,84.218.106.150
13,Tyler,Elby,telbyc@nbcnews.com,Male,96.101.46.15
14,Frederik,Stokey,fstokeyd@toplist.cz,Male,255.141.217.194
15,Danyelle,Fenne,dfennee@bigcartel.com,Female,198.194.240.150
16,Shanon,Kehoe,skehoef@freewebs.com,Female,93.53.180.31
17,Ynes,Jeacocke,yjeacockeg@ft.com,Female,94.141.101.168
18,Rod,Leddie,rleddieh@hao123.com,Male,54.68.239.130
19,Evangelia,Izod,eizodi@php.net,Female,177.181.25.142
20,Kennie,Kingsman,kkingsmanj@shutterfly.com,Male,151.240.242.230
