id,first_name,last_name,email,gender,ip_address
1,Brynne,Low,blow0@ocn.ne.jp,Female,70.94.42.112
2,Matt,Torregiani,mtorregiani1@weather.com,Male,224.202.129.92
3,Donella,Verdey,dverdey2@netscape.com,Female,250.92.149.150
4,Fayina,Eastway,feastway3@ning.com,Female,66.246.103.18
5,Konstanze,Verbrugghen,kverbrugghen4@indiatimes.com,Polygender,114.117.155.9
6,Vinny,Pawlyn,vpawlyn5@last.fm,Male,53.5.20.53
7,Ailee,Waberer,awaberer6@cyberchimps.com,Female,184.3.11.239
8,Amye,Ternault,aternault7@techcrunch.com,Genderfluid,26.92.57.113
9,Vivia,Hugk,vhugk8@webs.com,Female,102.187.231.58
10,Beckie,Madelin,bmadelin9@soundcloud.com,Female,154.182.103.247
11,Brett,Perche,bperchea@chicagotribune.com,Male,16.33.194.87
12,Shalne,MacEnelly,smacenellyb@slate.com,Female,55.119.212.124
13,Park,Lowman,plowmanc@howstuffworks.com,Male,180.163.255.64
14,Rhona,Konmann,rkonmannd@zdnet.com,Female,146.57.55.22
15,Andrei,Eshelby,aeshelbye@google.cn,Female,66.229.212.144
16,Somerset,Ricciardiello,sricciardiellof@youtu.be,Male,80.186.68.211
17,Elsie,Dowderswell,edowderswellg@uol.com.br,Female,246.66.73.1
18,Doris,Neeve,dneeveh@xrea.com,Female,117.209.98.190
19,Caralie,Terzza,cterzzai@de.vu,Female,121.50.1.13
20,Hagan,Wildin,hwildinj@wikipedia.org,Male,239.184.38.49
