id,first_name,last_name,email,gender,ip_address
1,Catarina,Bottomley,cbottomley0@comcast.net,Female,31.27.22.120
2,Issy,Albon,ialbon1@wired.com,Female,5.110.143.166
3,Hinze,Garman,hgarman2@wunderground.com,Male,201.106.234.100
4,Gnni,Burbridge,gburbridge3@xrea.com,Female,232.211.252.151
5,Mikol,Ternouth,mternouth4@wp.com,Male,234.110.157.133
6,Madonna,Trattles,mtrattles5@imdb.com,Female,43.43.255.82
7,Dicky,Dowle,ddowle6@xinhuanet.com,Bigender,236.35.158.175
8,Dayle,Nuccitelli,dnuccitelli7@dion.ne.jp,Genderqueer,102.70.125.184
9,Burty,Blaasch,bblaasch8@hao123.com,Male,186.55.86.120
10,Milli,Tolussi,mtolussi9@bravesites.com,Non-binary,227.182.16.96
11,Sara-ann,Adamek,sadameka@netvibes.com,Female,48.208.97.236
12,Patrice,Godmar,pgodmarb@blog.com,Female,65.120.96.93
13,Kaspar,Vivyan,kvivyanc@google.fr,Male,191.92.158.67
14,Korella,Brittan,kbrittand@cnet.com,Female,125.160.61.172
15,Brocky,Ciardo,bciardoe@bizjournals.com,Male,85.194.226.47
16,Chrissie,MacAiline,cmacailinef@yellowpages.com,Male,201.118.215.176
17,Allys,Kneath,akneathg@g.co,Female,195.242.105.181
18,Ruthy,Jerche,rjercheh@google.com.au,Female,251.167.61.25
19,Fowler,Gabriely,fgabrielyi@instagram.com,Male,152.10.54.136
20,Bogey,Delmonti,bdelmontij@deviantart.com,Male,48.149.211.75
