id,first_name,last_name,email,gender,ip_address
1,Abagael,Broadhurst,abroadhurst0@marriott.com,Female,16.79.108.145
2,Elianore,Zanuciolii,ezanuciolii1@fotki.com,Genderqueer,157.117.251.19
3,Ashlen,Pascow,apascow2@pen.io,Female,242.132.46.0
4,Patience,Hattrick,phattrick3@chron.com,Non-binary,167.206.16.74
5,Karna,Albisser,kalbisser4@wikimedia.org,Female,158.115.30.199
6,Jervis,Allflatt,jallflatt5@photobucket.com,Male,106.184.196.228
7,Bernete,Ramstead,bramstead6@auda.org.au,Female,241.139.71.116
8,Arabela,Scapelhorn,ascapelhorn7@sciencedirect.com,Female,239.174.123.21
9,Patrick,Gumley,pgumley8@posterous.com,Male,173.179.41.197
10,Katrinka,Neames,kneames9@ebay.co.uk,Genderfluid,200.156.239.237
11,Maridel,Mayger,mmaygera@sciencedirect.com,Female,222.16.1.236
12,Bill,Woller,bwollerb@sfgate.com,Female,133.226.228.135
13,Melvin,De Laci,mdelacic@myspace.com,Male,208.222.203.123
14,Rolf,Giuroni,rgiuronid@ucsd.edu,Male,103.89.113.87
15,Bayard,Maybery,bmayberye@businessweek.com,Male,95.210.66.126
16,Mikkel,Noor,mnoorf@histats.com,Male,122.234.158.206
17,Benito,Kneeland,bkneelandg@cam.ac.uk,Male,163.90.110.195
18,Terencio,Craigmyle,tcraigmyleh@sciencedaily.com,Male,163.168.166.3
19,Vin,Downgate,vdowngatei@bing.com,Male,116.82.125.82
20,Neddy,Kester,nkesterj@dailymotion.com,Male,31.40.227.125
21,Patric,Gitting,pgittingk@marketwatch.com,Male,255.166.102.64
22,Maryann,Sutherland,msutherlandl@so-net.ne.jp,Female,168.247.46.52
23,Saxe,Rennicks,srennicksm@patch.com,Male,251.29.155.45
24,Kim,Pawellek,kpawellekn@over-blog.com,Male,65.202.119.149
25,Rhona,Cokly,rcoklyo@taobao.com,Female,196.143.197.17
26,Katharine,Simkin,ksimkinp@illinois.edu,Female,38.168.26.1
27,Melisa,Wilce,mwilceq@jugem.jp,Female,221.58.37.41
28,Fleming,Meharg,fmehargr@nsw.gov.au,Bigender,169.220.41.86
29,Syd,MacGilpatrick,smacgilpatricks@va.gov,Male,211.32.10.145
30,Leann,Gilffillan,lgilffillant@hexun.com,Female,198.11.252.8
31,Niki,Keeney,nkeeneyu@cam.ac.uk,Male,141.55.81.168
32,Junia,Zmitruk,jzmitrukv@pen.io,Female,233.126.129.130
33,Kerry,Champley,kchampleyw@typepad.com,Male,17.172.223.141
34,Bryana,Conkling,bconklingx@deliciousdays.com,Female,151.211.77.38
35,Rosita,Toland,rtolandy@berkeley.edu,Female,65.243.169.106
36,Ulrica,Bewsy,ubewsyz@vkontakte.ru,Female,89.161.232.55
37,Aldwin,Kike,akike10@businessinsider.com,Male,246.177.57.0
38,Fons,Kail,fkail11@foxnews.com,Male,211.179.92.27
39,Peter,Rolston,prolston12@stumbleupon.com,Male,207.105.221.28
40,Harrietta,Blasgen,hblasgen13@microsoft.com,Female,78.242.209.139
41,Ketty,Ramey,kramey14@bandcamp.com,Female,136.71.129.58
42,Weidar,Brass,wbrass15@unicef.org,Male,209.117.161.153
43,Candy,Spinetti,cspinetti16@issuu.com,Agender,183.89.164.112
44,Cass,Orrum,corrum17@bluehost.com,Male,99.205.225.88
45,Mart,Wigg,mwigg18@abc.net.au,Male,62.234.119.254
46,Rocky,Sharkey,rsharkey19@mediafire.com,Genderfluid,187.89.115.42
47,Karine,Cromley,kcromley1a@moonfruit.com,Female,183.74.143.61
48,Marj,Reignolds,mreignolds1b@sbwire.com,Female,74.239.52.102
49,Aymer,Blowers,ablowers1c@nymag.com,Male,70.14.21.193
50,Anny,Hebdon,ahebdon1d@unicef.org,Female,70.87.96.189
51,Marc,Jex,mjex1e@samsung.com,Male,182.23.160.13
52,Ody,Westfalen,owestfalen1f@chicagotribune.com,Male,150.50.151.240
53,Sibbie,Chamberlin,schamberlin1g@vimeo.com,Bigender,43.55.92.90
54,Dyane,Sharphouse,dsharphouse1h@drupal.org,Female,248.158.123.255
55,Ayn,Heighway,aheighway1i@w3.org,Female,85.164.57.231
56,Jeffie,Deeley,jdeeley1j@is.gd,Male,189.89.194.31
57,Lanae,Greenstead,lgreenstead1k@bbb.org,Female,198.163.0.165
58,Felizio,McHarry,fmcharry1l@nhs.uk,Male,102.5.66.4
59,Adams,Behrendsen,abehrendsen1m@sfgate.com,Male,57.117.183.158
60,Fredek,Harmour,fharmour1n@google.cn,Male,57.32.151.165
61,Barn,Longmore,blongmore1o@meetup.com,Male,163.91.34.44
62,Gaile,Saye,gsaye1p@marketwatch.com,Male,69.207.193.84
63,Amalia,Boag,aboag1q@istockphoto.com,Polygender,51.78.167.160
64,Rozamond,Potell,rpotell1r@epa.gov,Female,72.52.238.12
65,Minnie,Zanre,mzanre1s@elpais.com,Female,61.140.179.90
66,Latisha,Godridge,lgodridge1t@go.com,Female,62.231.248.64
67,Mariejeanne,Greenshiels,mgreenshiels1u@wunderground.com,Female,51.148.81.9
68,Dannel,Ludlom,dludlom1v@bbb.org,Male,230.192.47.81
69,Daisy,Loache,dloache1w@zdnet.com,Female,30.103.64.210
70,Audry,Cassells,acassells1x@huffingtonpost.com,Female,6.98.56.77
71,Vevay,Newbury,vnewbury1y@earthlink.net,Female,89.216.201.49
72,Elena,McTurlough,emcturlough1z@irs.gov,Female,36.119.236.151
73,Kirk,Haime,khaime20@163.com,Male,46.158.9.175
74,Lindy,Garmon,lgarmon21@sbwire.com,Genderqueer,199.33.120.133
75,Hakim,Ricciardi,hricciardi22@unesco.org,Male,1.158.145.249
76,Gannie,McVee,gmcvee23@china.com.cn,Male,250.36.242.63
77,Em,Linay,elinay24@simplemachines.org,Male,184.15.144.216
78,Guido,Mansfield,gmansfield25@pcworld.com,Male,111.216.58.196
79,Kendricks,Maguire,kmaguire26@github.io,Agender,64.143.89.210
80,Ches,McClintock,cmcclintock27@tamu.edu,Non-binary,163.163.228.153
81,Bethanne,Dessent,bdessent28@amazon.co.jp,Female,48.28.118.75
82,Vilhelmina,Eagland,veagland29@trellian.com,Non-binary,242.109.168.174
83,Jarret,Hupka,jhupka2a@github.io,Male,2.42.152.43
84,Corenda,Blakeman,cblakeman2b@shutterfly.com,Female,45.100.2.45
85,Eulalie,Eggins,eeggins2c@friendfeed.com,Female,51.248.254.199
86,Meryl,Heifer,mheifer2d@bing.com,Male,220.164.133.88
87,Michelina,Snary,msnary2e@umn.edu,Female,218.252.126.153
88,Franz,Paradine,fparadine2f@myspace.com,Male,49.3.187.55
89,Haskel,Hatherell,hhatherell2g@surveymonkey.com,Male,170.42.39.60
90,Renate,Landell,rlandell2h@nba.com,Female,39.220.181.197
91,Darrin,Dooly,ddooly2i@cbslocal.com,Male,89.21.102.78
92,Kennedy,MacDiarmond,kmacdiarmond2j@liveinternet.ru,Male,162.228.132.34
93,Sawyere,Barhems,sbarhems2k@bbb.org,Male,11.97.31.162
94,Earle,Celez,ecelez2l@jiathis.com,Male,130.6.239.213
95,Lexi,McCurlye,lmccurlye2m@jigsy.com,Female,239.243.81.178
96,Adler,Laskey,alaskey2n@cornell.edu,Male,116.207.63.70
97,Falito,Roth,froth2o@cbc.ca,Male,26.41.172.240
98,Wilbur,Buie,wbuie2p@freewebs.com,Male,193.186.205.233
99,Guillema,Vasovic,gvasovic2q@360.cn,Female,155.91.192.42
100,Brook,Buffin,bbuffin2r@google.pl,Female,159.241.243.138
